BeulyFm,contains,Palynomorphs
ScoltHeadFm,constitutedBy,Mudstone
MainsFm,isMemberOf,DunrobinBayGp
UppershorefaceDepositionalEnvironment,type,BeachDepositionalEnvironment
hasDirectNext,subPropertyOf,hasDirectPrevious
SmithBankFm,constitutedBy,Mudstone
WestoeCoalFm,type,LithostratigraphicUnit
UpperCretaceous,type,UpperCretaceousEpoch
NansenFm,isMemberOf,BanksGp
BraeFm,isMemberOf,HumberGp
LossieheadFm,depositedIn,ContinentalDepositionalEnv
OrrinFm,constitutedBy,Sandstone
BraeFm,constitutedBy,Conglomerate
HopemanSandstoneFm,isMemberOf,HeronGp
ScoltHeadFm,type,LithostratigraphicUnit
PentlandFm,depositedIn,FluvioDeltaicDepositionalEnvironment
Granite,type,IgneousIntrusiveRock
StatfjordFm,constitutedBy,Sandstone
BrigFm,type,LithostratigraphicUnit
TarbertFm,type,LithostratigraphicUnit
TurbotAnhydriteFm,hasAge,UpperPermian
CookFm,constitutedBy,Siltstone
OrrinFm,constitutedBy,Siltstone
AgglutinatedFossil,subClassOf,Fossil
HidraFm,type,LithostratigraphicUnit
DarwinFm,hasAge,LowerJurassic
BeulyFm,constitutedBy,Sandstone
PaleozoicEra,subClassOf,PhanerozoicEon
MillstoneGritFm,constitutedBy,Sandstone
DornochFm,hasAge,EarlyEocene
RodbyFm,constitutedBy,Mudstone
GridSandstoneMb,constitutedBy,Mudstone
DornochFm,contains,Diatoms
DornochFm,constitutedBy,Mudstone
ListaFm,constitutedBy,Mudstone
FlounderFm,type,LithostratigraphicUnit
HauptdolomitFm,constitutedBy,Mudstone
StotfieldCalcreteFm,constitutedBy,Mudstone
HeatherFm,constitutedBy,Mudstone
MiddleJurassicEpoch,subClassOf,JurassicPeriod
SvarteFm,constitutedBy,Mudstone
MetamorphicNonFoliatedRock,subClassOf,MetamorphicRock
CementstoneFm,depositedIn,ContinentalDepositionalEnv
NorthernNorthSea,type,GeoArea
BroraCoalFm,depositedIn,ContinentalDepositionalEnv
BosiesBankFm,constitutedBy,Siltstone
MarineDepositionalEnv,type,MarineDepositionalEnvironment
GlacialDepositionalEnvironment,subClassOf,DepositionalEnvironment
MainsFm,constitutedBy,Mudstone
MillstoneGritFm,depositedIn,MarineDepositionalEnv
FluvialChannel,type,FluvialDepositionalEnvironment
YoredaleFm,constitutedBy,Limestone
BackshoreDepositionalEnvironment,type,BeachDepositionalEnvironment
BroraCoalFm,constitutedBy,Sandstone
ChalkGp,type,LithostratigraphicUnit
BosiesBankFm,depositedIn,ContinentalDepositionalEnv
TidalFlatDepositionalEnv,type,TidalDepositionalEnvironment
BrentGp,type,LithostratigraphicUnit
ShallowMarineDepositionalEnvironment,subClassOf,MarineDepositionalEnvironment
Quartzite,type,MetamorphicNonFoliatedRock
AmundsenFm,hasAge,LowerJurassic
DowsingFm,depositedIn,TransitionalDepositionalEnv
HalibutCarbonateFm,constitutedBy,Dolostone
Marl,type,SedimentaryRock
hasPrevious,type,ObjectProperty
SpekeFm,constitutedBy,Mudstone
SmithBankFm,hasAge,EarlyTriassic
BlakeneyFm,hasAge,UpperPermian
TritonFm,isMemberOf,HaisboroughGp
DeltaPlainDepositionalEnvironment,type,DeltaicDepositionalEnvironment
BraeFm,constitutedBy,Sandstone
Cretaceous,type,CretaceousPeriod
BlakeneyFm,isMemberOf,ZechsteinGp
Radiolarians,type,OrganicWalledFossil
BosiesBankFm,type,LithostratigraphicUnit
ShelfDepositionalEnvironment,type,MarineDepositionalEnvironment
PhanerozoicEon,subClassOf,GeochronologicTime
PegmatitanhydritFm,type,LithostratigraphicUnit
WickSandstoneFm,contains,CalcareousNannofossils
FellSandstoneFm,isMemberOf,FarneGp
LossieheadFm,isMemberOf,HeronGp
GridSandstoneMb,isMemberOf,StronsayGp
MarineDepositionalEnvironment,subClassOf,DepositionalEnvironment
CaisterCoalFm,depositedIn,TransitionalDepositionalEnv
WestoeCoalFm,constitutedBy,Coal
FlounderFm,hasAge,LateCretaceous
EmeraldFm,contains,Palynomorphs
CementstoneFm,isMemberOf,FarneGp
CalcareousFossil,subClassOf,Fossil
YoredaleFm,type,LithostratigraphicUnit
SpekeFm,contains,PollenSpores
SmithBankFm,isMemberOf,HeronGp
LowerTriassicEpoch,subClassOf,TriassicPeriod
SkadeFm,depositedIn,MarineDepositionalEnv
FellSandstoneFm,hasAge,EarlyCarboniferous
SiliceousFossil,subClassOf,Fossil
RotliegendGp,type,LithostratigraphicUnit
BritanniaSandstoneFm,depositedIn,MarineDepositionalEnv
WerraanhydritFm,type,LithostratigraphicUnit
AllerHaliteFm,type,LithostratigraphicUnit
LowerCretaceous,type,LowerCretaceousEpoch
CaisterCoalFm,hasAge,LateCarboniferous
Schist,type,MetamorphicFoliatedRock
ValhallFm,hasAge,EarlyCretaceous
JorsalfareFm,hasAge,LateCretaceous
HauptanhydritFm,isMemberOf,ZechsteinGp
BroomFm,type,LithostratigraphicUnit
Slate,type,MetamorphicFoliatedRock
PlattendolomitFm,hasAge,UpperPermian
YoredaleFm,isMemberOf,FarneGp
BasalanhydritFm,depositedIn,TransitionalDepositionalEnv
MackerelFm,isMemberOf,ChalkGp
ZechsteinkalkFm,depositedIn,MarineDepositionalEnv
DunlinGp,type,LithostratigraphicUnit
BowlandShaleFm,constitutedBy,Mudstone
HerringFm,type,LithostratigraphicUnit
SkagerrakFm,constitutedBy,Mudstone
Acritarchs,type,SiliceousFossil
DeltaicDepositionalEnvironment,subClassOf,TransitionalDepositionalEnvironment
LowerJurassicEpoch,subClassOf,JurassicPeriod
Gneiss,type,MetamorphicFoliatedRock
SmithBankFm,type,LithostratigraphicUnit
WerraanhydritFm,constitutedBy,Dolostone
Rhyolite,type,IgneousExtrusiveRock
Dinoflagellates,type,SiliceousFossil
PlattendolomitFm,type,LithostratigraphicUnit
HidraFm,constitutedBy,Limestone
MaureenFm,type,LithostratigraphicUnit
HauptanhydritFm,type,LithostratigraphicUnit
Tuff,type,IgneousExtrusiveRock
EkofiskFm,isMemberOf,ChalkGp
GrenzanhydritFm,isMemberOf,ZechsteinGp
SeleFm,constitutedBy,Mudstone
CementstoneFm,hasAge,EarlyCarboniferous
SchoonerFm,constitutedBy,Coal
Carbonate,type,SedimentaryRock
NansenFm,type,LithostratigraphicUnit
DarwinFm,type,LithostratigraphicUnit
FraserburghFm,isMemberOf,RotliegendGp
FindhornFm,type,LithostratigraphicUnit
CementstoneFm,type,LithostratigraphicUnit
HopemanSandstoneFm,constitutedBy,Sandstone
WhitehurstGp,type,LithostratigraphicUnit
BosiesBankFm,hasAge,UpperPermian
ZechsteinkalkFm,isMemberOf,ZechsteinGp
BrigFm,depositedIn,ContinentalDepositionalEnv
BunterSandstoneFm,type,LithostratigraphicUnit
DornochFm,depositedIn,TransitionalDepositionalEnv
EmeraldFm,constitutedBy,Sandstone
MiddleTriassic,hasDirectNext,UpperTriassic
DudgeonFm,constitutedBy,Mudstone
Scoria,type,IgneousExtrusiveRock
BroraCoalFm,constitutedBy,Mudstone
ShearwaterSaltFm,depositedIn,TransitionalDepositionalEnv
MaureenFm,constitutedBy,Mudstone
SvarteFm,hasAge,LateCretaceous
HuginFm,type,LithostratigraphicUnit
AlluvialDepositionalEnvironment,subClassOf,ContinentalDepositionalEnvironment
LacustrineDepositionalEnv,type,LacustrineDepositionalEnvironment
EmeraldFm,constitutedBy,Siltstone
BosiesBankFm,isMemberOf,ZechsteinGp
JorsalfareFm,constitutedBy,Limestone
HerringFm,depositedIn,MarineDepositionalEnv
Chert,type,SedimentaryRock
StatfjordFm,constitutedBy,Mudstone
DrakeFm,depositedIn,MarineDepositionalEnv
KyrreFm,depositedIn,MarineDepositionalEnv
hasDirectPrevious,type,ObjectProperty
FluvioLacustrineDepositionalEnvironment,type,LacustrineDepositionalEnvironment
FluvioDeltaicDepositionalEnvironment,type,FluvialDepositionalEnvironment
BowlandShaleFm,type,LithostratigraphicUnit
LowerCretaceous,hasDirectNext,UpperCretaceous
DrakeFm,hasAge,LowerJurassic
CookFm,isMemberOf,DunlinGp
FlounderFm,depositedIn,MarineDepositionalEnv
Coal,type,SedimentaryRock
HordaFm,isMemberOf,StronsayGp
DornochFm,constitutedBy,Sandstone
FluvialDepositionalEnvironment,subClassOf,ContinentalDepositionalEnvironment
HopemanSandstoneFm,hasAge,Triassic
FraserburghFm,type,LithostratigraphicUnit
TarbertFm,depositedIn,MarineDepositionalEnv
LeineHaliteFm,type,LithostratigraphicUnit
RannochFm,constitutedBy,Sandstone
HuginFm,contains,Palynomorphs
BlakeneyFm,constitutedBy,Anhydrite
FraserburghFm,constitutedBy,Mudstone
contains,type,ObjectProperty
LossieheadFm,hasAge,Triassic
ListaFm,isMemberOf,MontroseGp
SouthernNorthSea,type,GeoArea
TorFm,depositedIn,MarineDepositionalEnv
MorayGp,type,LithostratigraphicUnit
CormorantFm,constitutedBy,Mudstone
NessFm,isMemberOf,BrentGp
AllerHaliteFm,isMemberOf,ZechsteinGp
WerraanhydritFm,isMemberOf,ZechsteinGp
StassfurtHaliteFm,isMemberOf,ZechsteinGp
PegmatitanhydritFm,isMemberOf,ZechsteinGp
TarbertFm,hasAge,MiddleJurassic
Mudstone,type,SedimentaryRock
SkadeFm,isMemberOf,WestrayGp
BritanniaSandstoneFm,isMemberOf,CromerKnollGp
BlakeneyFm,depositedIn,TransitionalDepositionalEnv
Phyllite,type,MetamorphicFoliatedRock
AllerHaliteFm,constitutedBy,Halite
WerraanhydritFm,constitutedBy,Halite
BunterShaleFm,depositedIn,ContinentalDepositionalEnv
TurbotAnhydriteFm,type,LithostratigraphicUnit
LeineHaliteFm,isMemberOf,ZechsteinGp
Delta,type,DeltaicDepositionalEnvironment
UpperJurassic,hasDirectNext,LowerCretaceous
KupferschieferFm,type,LithostratigraphicUnit
ShallowMarineToDeepMarineDepositionalEnvironment,type,DeepMarineDepositionalEnvironment
LowerShorefaceDepositionalEnvironment,type,BeachDepositionalEnvironment
TaySandstoneMb,isMemberOf,StronsayGp
KyrreFm,hasAge,LateCretaceous
HalibutCarbonateFm,hasAge,UpperPermian
MainsFm,depositedIn,MarineDepositionalEnv
RotersalztonFm,isMemberOf,ZechsteinGp
Conodonts,type,PhosphaticFossil
DunrobinBayGp,type,LithostratigraphicUnit
StotfieldCalcreteFm,hasAge,EarlyTriassic
BroomFm,isMemberOf,BrentGp
GolspieFm,isMemberOf,DunrobinBayGp
WestoeCoalFm,depositedIn,TransitionalDepositionalEnv
RotersalztonFm,constitutedBy,Mudstone
FulmarFm,depositedIn,MarineDepositionalEnv
depositedIn,someValuesFrom,DepositionalEnvironment
WestoeCoalFm,constitutedBy,Mudstone
BactonGp,type,LithostratigraphicUnit
VolcanicDepositionalEnvironment,subClassOf,DepositionalEnvironment
LadysWalkFm,type,LithostratigraphicUnit
LarkFm,depositedIn,MarineDepositionalEnv
HuginFm,constitutedBy,Sandstone
WickSandstoneFm,constitutedBy,Mudstone
SpekeFm,type,LithostratigraphicUnit
Diorite,type,IgneousIntrusiveRock
CormorantFm,depositedIn,ContinentalDepositionalEnv
SchoonerFm,type,LithostratigraphicUnit
StotfieldCalcreteFm,type,LithostratigraphicUnit
MouseFm,type,LithostratigraphicUnit
BraeFm,contains,Palynomorphs
HalibutCarbonateFm,constitutedBy,Limestone
GolspieFm,type,LithostratigraphicUnit
LowerTriassic,type,LowerTriassicEpoch
TorFm,type,LithostratigraphicUnit
ShetlandGp,type,LithostratigraphicUnit
RannochFm,depositedIn,MarineDepositionalEnv
Marble,type,MetamorphicNonFoliatedRock
WickSandstoneFm,constitutedBy,Siltstone
GrauerSalztonFm,type,LithostratigraphicUnit
YoredaleFm,hasAge,MidCarboniferous
OrganicRichShale,type,SedimentaryRock
BunterSandstoneFm,constitutedBy,Mudstone
NonFoliatedRocks,type,MetamorphicNonFoliatedRock
HuginFm,depositedIn,ContinentalDepositionalEnv
BosiesBankFm,constitutedBy,Mudstone
hasNext,type,ObjectProperty
hasDirectPrevious,inverseOf,hasDirectNext
Pumice,type,IgneousExtrusiveRock
KupferschieferFm,constitutedBy,Dolostone
BeulyFm,hasAge,EarlyEocene
HordaFm,constitutedBy,Sandstone
DowsingFm,constitutedBy,Halite
HidraFm,isMemberOf,ChalkGp
SeleFm,depositedIn,TransitionalDepositionalEnv
GeologicalObject,subClassOf,GeochronologicTime
LarkFm,type,LithostratigraphicUnit
RodbyFm,hasAge,EarlyCretaceous
CoalyShale,type,SedimentaryRock
DudgeonFm,hasAge,MidTriassic
HalibutCarbonateFm,isMemberOf,ZechsteinGp
FarneGp,type,LithostratigraphicUnit
SpekeFm,constitutedBy,Sandstone
LowerPermian,type,PermianPeriod
BurtonFm,hasAge,LowerJurassic
hasDirectNext,type,ObjectProperty
BunterSandstoneFm,depositedIn,ContinentalDepositionalEnv
PentlandFm,isMemberOf,FladenGp
IngeVolcanicDepositsFm,type,LithostratigraphicUnit
FluvialDepositionalEnv,type,FluvialDepositionalEnvironment
KyrreFm,isMemberOf,ShetlandGp
GridSandstoneMb,constitutedBy,Sandstone
NansenFm,depositedIn,MarineDepositionalEnv
BeatriceFm,isMemberOf,FladenGp
OrrinFm,isMemberOf,DunrobinBayGp
MouseFm,hasAge,MidLateEocene
BurtonFm,constitutedBy,Mudstone
LadysWalkFm,constitutedBy,Mudstone
DudgeonFm,type,LithostratigraphicUnit
TarbertFm,isMemberOf,BrentGp
RodbyFm,depositedIn,MarineDepositionalEnv
GridSandstoneMb,depositedIn,MarineDepositionalEnv
LarkFm,isMemberOf,WestrayGp
SpekeFm,isMemberOf,DunlinGp
PollenSpores,type,SiliceousFossil
SchoonerFm,depositedIn,ContinentalDepositionalEnv
EmeraldFm,constitutedBy,Limestone
MetamorphicRock,subClassOf,Rock
CoastalPlain,type,TransitionalDepositionalEnvironment
FulmarFm,constitutedBy,Sandstone
HeatherFm,isMemberOf,HumberGp
CormorantFm,constitutedBy,Sandstone
TritonFm,constitutedBy,Anhydrite
CementstoneFm,constitutedBy,Sandstone
DrakeFm,isMemberOf,DunlinGp
FindhornFm,constitutedBy,Sandstone
BowlandShaleFm,depositedIn,MarineDepositionalEnv
GrauerSalztonFm,isMemberOf,ZechsteinGp
UpperPermian,type,PermianPeriod
ScoltHeadFm,constitutedBy,Anhydrite
AlluvialDepositionalEnv,type,AlluvialDepositionalEnvironment
GrauerSalztonFm,depositedIn,MarineDepositionalEnv
PentlandFm,type,LithostratigraphicUnit
HauptdolomitFm,hasAge,UpperPermian
HuginFm,constitutedBy,Siltstone
BeulyFm,type,LithostratigraphicUnit
CoastalToShallowMarineDepositionalEnvironment,type,MarineDepositionalEnvironment
MetamorphicFoliatedRock,subClassOf,MetamorphicRock
SvarteFm,constitutedBy,Limestone
MainsFm,type,LithostratigraphicUnit
BasalanhydritFm,type,LithostratigraphicUnit
StotfieldCalcreteFm,isMemberOf,HeronGp
Rock,subClassOf,Matter
SkadeFm,type,LithostratigraphicUnit
EtiveFm,type,LithostratigraphicUnit
PiperFm,isMemberOf,HumberGp
CormorantFm,type,LithostratigraphicUnit
BritanniaSandstoneFm,constitutedBy,Sandstone
BlakeneyFm,constitutedBy,Sandstone
CarrackFm,depositedIn,MarineDepositionalEnv
LagoonalDepositionalEnvironment,subClassOf,TransitionalDepositionalEnvironment
AllerHaliteFm,hasAge,UpperPermian
WerraanhydritFm,hasAge,UpperPermian
Permian,type,PermianPeriod
PermianPeriod,subClassOf,PaleozoicEra
HopemanSandstoneFm,type,LithostratigraphicUnit
Diatoms,type,OrganicWalledFossil
BunterShaleFm,constitutedBy,Shale
BeatriceFm,constitutedBy,Sandstone
CentralNorthSea,type,GeoArea
EkofiskFm,depositedIn,MarineDepositionalEnv
CarrackFm,constitutedBy,Mudstone
LossieheadFm,constitutedBy,Sandstone
TransitionalDepositionalEnvironment,subClassOf,DepositionalEnvironment
BeulyFm,constitutedBy,Coal
HalibutCarbonateFm,depositedIn,MarineDepositionalEnv
BurtonFm,isMemberOf,DunlinGp
Peridotite,type,IgneousIntrusiveRock
RotersalztonFm,hasAge,UpperPermian
BeachDepositionalEnvironment,type,BeachDepositionalEnvironment
StatfjordFm,hasAge,LowerJurassic
AndesiteLava,type,IgneousExtrusiveRock
SvarteFm,isMemberOf,ShetlandGp
SkadeFm,constitutedBy,Sandstone
StassfurtHaliteFm,hasAge,UpperPermian
CookFm,type,LithostratigraphicUnit
FellSandstoneFm,constitutedBy,Mudstone
MaureenFm,constitutedBy,Sandstone
UpperCretaceousEpoch,subClassOf,CretaceousPeriod
IgneousIntrusiveRock,subClassOf,IgneousRock
AmundsenFm,constitutedBy,Mudstone
FluvialLacustrineDepositionalEnv,type,FluvialDepositionalEnvironment
PiperFm,depositedIn,MarineDepositionalEnv
ScremerstonFm,depositedIn,TransitionalDepositionalEnv
HerringFm,hasAge,LateCretaceous
WickSandstoneFm,isMemberOf,CromerKnollGp
BroraCoalFm,hasAge,MiddleJurassic
MaureenFm,constitutedBy,Siltstone
HordaFm,depositedIn,MarineDepositionalEnv
MesozoicEra,subClassOf,PhanerozoicEon
MillstoneGritFm,constitutedBy,Siltstone
CormorantFm,isMemberOf,HeronGp
ShearwaterSaltFm,isMemberOf,ZechsteinGp
MiddleTriassic,type,MiddleTriassicEpoch
GridSandstoneMb,type,LithostratigraphicUnit
RodbyFm,type,LithostratigraphicUnit
DarwinFm,depositedIn,MarineDepositionalEnv
TarbertFm,constitutedBy,Sandstone
TaySandstoneMb,depositedIn,MarineDepositionalEnv
TorFm,constitutedBy,Limestone
ListaFm,type,LithostratigraphicUnit
CookFm,depositedIn,MarineDepositionalEnv
Silicoflagellates,type,OrganicWalledFossil
HidraFm,hasAge,LateCretaceous
TurbotAnhydriteFm,constitutedBy,Anhydrite
DornochFm,type,LithostratigraphicUnit
ZechsteinkalkFm,constitutedBy,Dolostone
BroraCoalFm,type,LithostratigraphicUnit
BurtonFm,depositedIn,MarineDepositionalEnv
EtiveFm,isMemberOf,BrentGp
RannochFm,hasAge,MiddleJurassic
DudgeonFm,isMemberOf,HaisboroughGp
SkagerrakFm,depositedIn,ContinentalDepositionalEnv
ZechsteinkalkFm,type,LithostratigraphicUnit
BunterShaleFm,isMemberOf,BactonGp
LadysWalkFm,hasAge,LowerJurassic
BlakeneyFm,type,LithostratigraphicUnit
BritanniaSandstoneFm,type,LithostratigraphicUnit
DarwinFm,constitutedBy,Siltstone
FindhornFm,depositedIn,ContinentalDepositionalEnv
GeologicalUnit,subClassOf,GeologicalObject
SkagerrakFm,isMemberOf,HeronGp
LadysWalkFm,isMemberOf,DunrobinBayGp
BunterShaleFm,constitutedBy,Mudstone
UpperTriassic,type,UpperTriassicEpoch
StassfurtHaliteFm,constitutedBy,Halite
FulmarFm,hasAge,UpperJurassic
StotfieldCalcreteFm,depositedIn,ContinentalDepositionalEnv
DowsingFm,constitutedBy,Mudstone
GlacialDepositionalEnv,type,GlacialDepositionalEnvironment
CarrackFm,constitutedBy,Siltstone
SeleFm,isMemberOf,MorayGp
isMemberOf,type,ObjectProperty
hasAge,type,ObjectProperty
MillstoneGritFm,isMemberOf,WhitehurstGp
OrrinFm,hasAge,LowerJurassic
GrenzanhydritFm,hasAge,UpperPermian
IgneousRock,subClassOf,Rock
Spiculite,type,SedimentaryRock
depositedIn,type,ObjectProperty
ScremerstonFm,type,LithostratigraphicUnit
WestoeCoalFm,hasAge,LateCarboniferous
CarrackFm,isMemberOf,CromerKnollGp
MackerelFm,type,LithostratigraphicUnit
MacbethFm,type,LithostratigraphicUnit
UpperTriassicEpoch,subClassOf,TriassicPeriod
WestrayGp,type,LithostratigraphicUnit
LacustrineDepositionalEnvironment,subClassOf,ContinentalDepositionalEnvironment
Dacite,type,IgneousExtrusiveRock
MacbethFm,depositedIn,MarineDepositionalEnv
HeatherFm,contains,Foraminifera
constitutedBy,type,ObjectProperty
Sandstone,type,SedimentaryRock
WickSandstoneFm,type,LithostratigraphicUnit
CromerKnollGp,type,LithostratigraphicUnit
CoastalToShallowMarineDepositionalEnvironment,type,TransitionalDepositionalEnvironment
BunterShaleFm,type,LithostratigraphicUnit
EmeraldFm,depositedIn,MarineDepositionalEnv
UpperJurassic,type,UpperJurassicEpoch
DrakeFm,type,LithostratigraphicUnit
SeleFm,hasAge,EarlyEocene
YoredaleFm,depositedIn,MarineDepositionalEnv
HidraFm,constitutedBy,Mudstone
Conglomerate,type,SedimentaryRock
AbyssalChannel,type,DeepMarineDepositionalEnvironment
ShallowMarineDepositionalEnv,type,ShallowMarineDepositionalEnvironment
EtiveFm,depositedIn,TransitionalDepositionalEnv
ContinentalDepositionalEnvironment,subClassOf,DepositionalEnvironment
RannochFm,constitutedBy,Mudstone
AukFm,isMemberOf,RotliegendGp
LossieheadFm,constitutedBy,Mudstone
PentlandFm,depositedIn,ContinentalDepositionalEnv
BrigFm,constitutedBy,Sandstone
BasalanhydritFm,isMemberOf,ZechsteinGp
Gabbro,type,IgneousIntrusiveRock
SedimentaryRocks,type,SedimentaryRock
FellSandstoneFm,constitutedBy,Sandstone
HordaFm,constitutedBy,Mudstone
MaureenFm,isMemberOf,MontroseGp
ZechsteinkalkFm,constitutedBy,Mudstone
FellSandstoneFm,depositedIn,ContinentalDepositionalEnv
MacbethFm,hasAge,LateCretaceous
AeolianDepositionalEnv,type,AeolianDepositionalEnvironment
GolspieFm,hasAge,LowerJurassic
AukFm,type,LithostratigraphicUnit
SpekeFm,hasAge,LowerJurassic
Triassic,type,TriassicPeriod
MiddleJurassic,hasDirectNext,UpperJurassic
LadysWalkFm,depositedIn,MarineDepositionalEnv
LithostratigraphicUnit,subClassOf,GeologicalUnit
HeatherFm,type,LithostratigraphicUnit
DrakeFm,constitutedBy,Mudstone
MaureenFm,hasAge,EarlyPaleocene
HordaFm,type,LithostratigraphicUnit
ShearwaterSaltFm,type,LithostratigraphicUnit
MackerelFm,hasAge,LateCretaceous
TaySandstoneMb,constitutedBy,Sandstone
BroomFm,hasAge,MiddleJurassic
SchoonerFm,hasAge,LateCarboniferous
RodbyFm,isMemberOf,CromerKnollGp
BalderFm,constitutedBy,Mudstone
IngeVolcanicDepositsFm,isMemberOf,RotliegendGp
HauptdolomitFm,isMemberOf,ZechsteinGp
HauptanhydritFm,constitutedBy,Anhydrite
BunterSandstoneFm,hasAge,EarlyTriassic
GolspieFm,constitutedBy,Mudstone
AukFm,hasAge,EarlyMidPermian
AmundsenFm,constitutedBy,Sandstone
SubtidalPlatform,type,TidalDepositionalEnvironment
HuginFm,isMemberOf,FladenGp
MacbethFm,isMemberOf,ShetlandGp
StassfurtHaliteFm,type,LithostratigraphicUnit
BeulyFm,depositedIn,TransitionalDepositionalEnv
BeulyFm,constitutedBy,Mudstone
ValhallFm,type,LithostratigraphicUnit
RannochFm,isMemberOf,BrentGp
BritanniaSandstoneFm,constitutedBy,Mudstone
BlakeneyFm,constitutedBy,Mudstone
WerraanhydritFm,depositedIn,TransitionalDepositionalEnv
ScremerstonFm,constitutedBy,Mudstone
TritonFm,constitutedBy,Mudstone
BeatriceFm,hasAge,MiddleJurassic
PentlandFm,contains,Palynomorphs
Chalk,type,SedimentaryRock
AukFm,depositedIn,ContinentalDepositionalEnv
AmundsenFm,depositedIn,MarineDepositionalEnv
ConybeareGp,type,LithostratigraphicUnit
HordaFm,hasAge,MidLateEocene
JorsalfareFm,constitutedBy,Mudstone
BowlandShaleFm,isMemberOf,WhitehurstGp
KupferschieferFm,depositedIn,MarineDepositionalEnv
EtiveFm,hasAge,MiddleJurassic
BraeFm,hasAge,UpperJurassic
YoredaleFm,constitutedBy,Mudstone
NessFm,constitutedBy,Coal
LeineHaliteFm,hasAge,UpperPermian
BraeFm,depositedIn,MarineDepositionalEnv
WerraanhydritFm,constitutedBy,Anhydrite
StassfurtHaliteFm,constitutedBy,Anhydrite
PlattendolomitFm,constitutedBy,Mudstone
PhosphaticFossil,subClassOf,Fossil
HopemanSandstoneFm,depositedIn,ContinentalDepositionalEnv
Pegmatite,type,IgneousIntrusiveRock
BeatriceFm,type,LithostratigraphicUnit
Shale,type,SedimentaryRock
SeleFm,type,LithostratigraphicUnit
CarrackFm,type,LithostratigraphicUnit
SlopeDepositionalEnvironment,type,MarineDepositionalEnvironment
PentlandFm,constitutedBy,Sandstone
FladenGp,type,LithostratigraphicUnit
WestoeCoalFm,isMemberOf,ConybeareGp
ShearwaterSaltFm,hasAge,UpperPermian
LowerJurassic,type,LowerJurassicEpoch
ScoltHeadFm,depositedIn,ContinentalDepositionalEnv
PentlandFm,hasAge,MiddleJurassic
ScremerstonFm,isMemberOf,FarneGp
HalibutCarbonateFm,type,LithostratigraphicUnit
TorFm,isMemberOf,ChalkGp
RodbyFm,constitutedBy,Limestone
TritonFm,depositedIn,TransitionalDepositionalEnv
Salt,type,SedimentaryRock
ScoltHeadFm,isMemberOf,ZechsteinGp
EtiveFm,constitutedBy,Sandstone
Anhydrite,type,SedimentaryRock
ZechsteinGp,type,LithostratigraphicUnit
PegmatitanhydritFm,hasAge,UpperPermian
Jurassic,type,JurassicPeriod
BalderFm,isMemberOf,MorayGp
BritanniaSandstoneFm,hasAge,EarlyCretaceous
SkagerrakFm,type,LithostratigraphicUnit
SchoonerFm,constitutedBy,Sandstone
Ostracods,type,CalcareousFossil
MouseFm,constitutedBy,Sandstone
DarwinFm,isMemberOf,DunlinGp
AukFm,constitutedBy,Sandstone
MainsFm,constitutedBy,Siltstone
LowerTriassic,hasDirectNext,MiddleTriassic
TorFm,hasAge,LateCretaceous
SkagerrakFm,hasAge,MidLateTriassic
CalcareousNannofossils,type,CalcareousFossil
DeltaFrontDepositionalEnvironment,type,DeltaicDepositionalEnvironment
PiperFm,hasAge,UpperJurassic
CormorantFm,constitutedBy,Limestone
OrganicWalledFossil,subClassOf,Fossil
BunterSandstoneFm,constitutedBy,Sandstone
FlounderFm,constitutedBy,Limestone
HuginFm,hasAge,MiddleJurassic
NansenFm,hasAge,LowerJurassic
ValhallFm,depositedIn,MarineDepositionalEnv
BanksGp,type,LithostratigraphicUnit
ValhallFm,constitutedBy,Limestone
HauptanhydritFm,hasAge,UpperPermian
MouseFm,depositedIn,MarineDepositionalEnv
BroraCoalFm,constitutedBy,Coal
MillstoneGritFm,type,LithostratigraphicUnit
MontroseGp,type,LithostratigraphicUnit
HaisboroughGp,type,LithostratigraphicUnit
ShorefaceDepositionalEnvironment,type,BeachDepositionalEnvironment
BalderFm,hasAge,EarlyEocene
FraserburghFm,hasAge,EarlyMidPermian
BroraCoalFm,isMemberOf,FladenGp
HeronGp,type,LithostratigraphicUnit
SpekeFm,constitutedBy,Siltstone
ValhallFm,isMemberOf,CromerKnollGp
LowerCoastalPlain,type,TransitionalDepositionalEnvironment
GeoArea,subClassOf,Location
MaureenFm,contains,Foraminifera
UpperTriassic,hasDirectNext,LowerJurassic
StatfjordFm,type,LithostratigraphicUnit
OrrinFm,type,LithostratigraphicUnit
Palynomorphs,type,SiliceousFossil
FraserburghFm,constitutedBy,Siltstone
KupferschieferFm,hasAge,UpperPermian
MiddleTriassicEpoch,subClassOf,TriassicPeriod
WickSandstoneFm,depositedIn,MarineDepositionalEnv
DarwinFm,constitutedBy,Sandstone
HerringFm,constitutedBy,Limestone
EmeraldFm,type,LithostratigraphicUnit
IngeVolcanicDepositsFm,depositedIn,ContinentalDepositionalEnv
InnerShelfDepositionalEnvironment,type,MarineDepositionalEnvironment
AmundsenFm,contains,Palynomorphs
BrigFm,constitutedBy,Mudstone
EkofiskFm,hasAge,LateCretaceous
BunterShaleFm,hasAge,EarlyTriassic
LowerJurassic,hasDirectNext,MiddleJurassic
Limestone,type,SedimentaryRock
PlattendolomitFm,isMemberOf,ZechsteinGp
HerringFm,isMemberOf,ChalkGp
RotersalztonFm,type,LithostratigraphicUnit
AllerHaliteFm,depositedIn,ContinentalDepositionalEnv
EkofiskFm,constitutedBy,Limestone
ZechsteinkalkFm,hasAge,UpperPermian
Siltstone,type,SedimentaryRock
PlattendolomitFm,depositedIn,MarineDepositionalEnv
CementstoneFm,constitutedBy,Mudstone
AbyssalFan,type,DeepMarineDepositionalEnvironment
EkofiskFm,type,LithostratigraphicUnit
BroomFm,constitutedBy,Sandstone
HeatherFm,constitutedBy,Siltstone
OuterShelfDepositionalEnvironment,type,MarineDepositionalEnvironment
LarkFm,constitutedBy,Mudstone
CretaceousPeriod,subClassOf,MesozoicEra
MouseFm,isMemberOf,StronsayGp
AlluvialFan,type,AlluvialDepositionalEnvironment
MiddleJurassic,type,MiddleJurassicEpoch
StatfjordFm,constitutedBy,Siltstone
Andesite,type,IgneousExtrusiveRock
LossieheadFm,type,LithostratigraphicUnit
FlounderFm,constitutedBy,Mudstone
KupferschieferFm,constitutedBy,Mudstone
StassfurtHaliteFm,depositedIn,ContinentalDepositionalEnv
VolcanicTuff,type,IgneousExtrusiveRock
NessFm,constitutedBy,Sandstone
PentlandFm,constitutedBy,Mudstone
Breccia,type,SedimentaryRock
HidraFm,depositedIn,MarineDepositionalEnv
MackerelFm,constitutedBy,Limestone
PentlandFm,constitutedBy,VolcanicDeposits
NessFm,hasAge,MiddleJurassic
ScremerstonFm,constitutedBy,Sandstone
AeolianDepositionalEnvironment,subClassOf,ContinentalDepositionalEnvironment
BowlandShaleFm,constitutedBy,Limestone
FindhornFm,isMemberOf,RotliegendGp
BasalanhydritFm,hasAge,UpperPermian
TurbotAnhydriteFm,isMemberOf,ZechsteinGp
BurtonFm,type,LithostratigraphicUnit
JorsalfareFm,isMemberOf,ShetlandGp
ProdeltaDepositionalEnvironment,type,DeltaicDepositionalEnvironment
MackerelFm,depositedIn,MarineDepositionalEnv
Evaporites,type,SedimentaryRock
ShearwaterSaltFm,constitutedBy,Halite
DornochFm,isMemberOf,MorayGp
CaisterCoalFm,constitutedBy,Sandstone
Dolostone,type,SedimentaryRock
GrenzanhydritFm,constitutedBy,Anhydrite
JorsalfareFm,type,LithostratigraphicUnit
MainsFm,constitutedBy,Sandstone
ScoltHeadFm,hasAge,UpperPermian
GrauerSalztonFm,hasAge,UpperPermian
SvarteFm,type,LithostratigraphicUnit
SmithBankFm,depositedIn,ContinentalDepositionalEnv
StronsayGp,type,LithostratigraphicUnit
ScremerstonFm,constitutedBy,Siltstone
StatfjordFm,depositedIn,ContinentalDepositionalEnv
BeatriceFm,depositedIn,MarineDepositionalEnv
LarkFm,hasAge,Oligocene
AgglutinatedForaminifera,type,AgglutinatedFossil
AllerHaliteFm,constitutedBy,Mudstone
RannochFm,type,LithostratigraphicUnit
BeachDepositionalEnvironment,subClassOf,TransitionalDepositionalEnvironment
OrrinFm,depositedIn,TransitionalDepositionalEnv
HeatherFm,hasAge,UpperJurassic
ListaFm,depositedIn,MarineDepositionalEnv
DowsingFm,hasAge,MidTriassic
BroomFm,depositedIn,TransitionalDepositionalEnv
MacbethFm,constitutedBy,Mudstone
WickSandstoneFm,hasAge,EarlyCretaceous
DornochFm,constitutedBy,Siltstone
UpperJurassicEpoch,subClassOf,JurassicPeriod
AmundsenFm,isMemberOf,DunlinGp
Halite,type,SedimentaryRock
GolspieFm,depositedIn,TransitionalDepositionalEnv
EmeraldFm,isMemberOf,HumberGp
CaisterCoalFm,type,LithostratigraphicUnit
BasalanhydritFm,constitutedBy,Anhydrite
LeineHaliteFm,depositedIn,TransitionalDepositionalEnv
BrigFm,isMemberOf,ConybeareGp
VolcanicDepositionalEnv,type,VolcanicDepositionalEnvironment
BraeFm,type,LithostratigraphicUnit
FlounderFm,isMemberOf,ShetlandGp
JorsalfareFm,depositedIn,MarineDepositionalEnv
PiperFm,type,LithostratigraphicUnit
CookFm,hasAge,LowerJurassic
SchoonerFm,isMemberOf,ConybeareGp
BeulyFm,isMemberOf,MorayGp
BalderFm,type,LithostratigraphicUnit
HauptanhydritFm,depositedIn,TransitionalDepositionalEnv
TidalPlatform,type,TidalDepositionalEnvironment
ValhallFm,constitutedBy,Mudstone
DowsingFm,isMemberOf,HaisboroughGp
FindhornFm,hasAge,EarlyMidPermian
SvarteFm,depositedIn,MarineDepositionalEnv
GrauerSalztonFm,constitutedBy,Mudstone
KupferschieferFm,isMemberOf,ZechsteinGp
BasalanhydritFm,constitutedBy,Dolostone
DeepMarineDepositionalEnvironment,subClassOf,MarineDepositionalEnvironment
TaySandstoneMb,hasAge,MidLateEocene
TaySandstoneMb,type,LithostratigraphicUnit
UpperCoastalPlain,type,TransitionalDepositionalEnvironment
MaureenFm,depositedIn,MarineDepositionalEnv
StotfieldCalcreteFm,constitutedBy,Limestone
AmundsenFm,type,LithostratigraphicUnit
NessFm,depositedIn,TransitionalDepositionalEnv
BraeFm,constitutedBy,Mudstone
ForeshoreDepositionalEnvironment,type,BeachDepositionalEnvironment
BroraCoalFm,contains,Dinoflagagellates
NessFm,type,LithostratigraphicUnit
PegmatitanhydritFm,depositedIn,TransitionalDepositionalEnv
TriassicPeriod,subClassOf,MesozoicEra
SpekeFm,depositedIn,ContinentalDepositionalEnv
CaisterCoalFm,isMemberOf,ConybeareGp
Turbidity-flowDeposit,type,DeepMarineDepositionalEnvironment
MillstoneGritFm,hasAge,MidCarboniferous
CormorantFm,hasAge,Triassic
LossieheadFm,constitutedBy,Siltstone
HauptdolomitFm,depositedIn,MarineDepositionalEnv
GrenzanhydritFm,depositedIn,ContinentalDepositionalEnv
TritonFm,type,LithostratigraphicUnit
AlluvialChannel,type,AlluvialDepositionalEnvironment
IgneousExtrusiveRock,subClassOf,IgneousRock
SkadeFm,hasAge,Oligocene
RotersalztonFm,depositedIn,ContinentalDepositionalEnv
SedimentaryRock,subClassOf,Rock
BunterSandstoneFm,isMemberOf,BactonGp
NansenFm,constitutedBy,Sandstone
GridSandstoneMb,hasAge,MidLateEocene
BowlandShaleFm,hasAge,MidCarboniferous
ScremerstonFm,hasAge,EarlyCarboniferous
KyrreFm,type,LithostratigraphicUnit
JurassicPeriod,subClassOf,MesozoicEra
CaisterCoalFm,constitutedBy,Coal
EmeraldFm,hasAge,UpperJurassic
ShallowMarineToDeepMarineDepositionalEnvironment,type,ShallowMarineDepositionalEnvironment
PiperFm,constitutedBy,Sandstone
MainsFm,hasAge,LowerJurassic
LeineHaliteFm,constitutedBy,Halite
ListaFm,hasAge,LatePaleocene
DudgeonFm,depositedIn,TransitionalDepositionalEnv
Chitinozoans,type,SiliceousFossil
BosiesBankFm,constitutedBy,Sandstone
HeatherFm,depositedIn,MarineDepositionalEnv
DudgeonFm,constitutedBy,Halite
SkagerrakFm,constitutedBy,Sandstone
HauptdolomitFm,type,LithostratigraphicUnit
BrigFm,hasAge,LateCarboniferous
TritonFm,hasAge,LateTriassic
Fossil,subClassOf,Matter
HumberGp,type,LithostratigraphicUnit
Basalt,type,IgneousExtrusiveRock
PlattendolomitFm,constitutedBy,Dolostone
MainsFm,contains,PollenSpores
VolcanicDeposits,type,IgneousExtrusiveRock
Clinoforms,type,DeltaicDepositionalEnvironment
SchoonerFm,constitutedBy,Mudstone
BalderFm,depositedIn,MarineDepositionalEnv
FraserburghFm,depositedIn,TransitionalDepositionalEnv
WickSandstoneFm,constitutedBy,Sandstone
OpenMarine,type,MarineDepositionalEnvironment
MillstoneGritFm,constitutedBy,Mudstone
HerringFm,constitutedBy,Mudstone
IngeVolcanicDepositsFm,hasAge,LowerPermian
PentlandFm,contains,PollenSpores
CarrackFm,hasAge,EarlyCretaceous
FluvioDeltaicDepositionalEnvironment,type,DeltaicDepositionalEnvironment
LagoonalDepositionalEnv,type,LagoonalDepositionalEnvironment
PegmatitanhydritFm,constitutedBy,Anhydrite
LowerCretaceousEpoch,subClassOf,CretaceousPeriod
AmundsenFm,constitutedBy,Siltstone
FulmarFm,type,LithostratigraphicUnit
HuginFm,constitutedBy,Mudstone
GrenzanhydritFm,type,LithostratigraphicUnit
ReefalDepositionalEnvironment,type,MarineDepositionalEnvironment
DeepMarineDepositionalEnvironment,type,DeepMarineDepositionalEnvironment
CookFm,constitutedBy,Mudstone
IngeVolcanicDepositsFm,constitutedBy,Basalt
TidalDepositionalEnvironment,subClassOf,TransitionalDepositionalEnvironment
Obsedian,type,IgneousExtrusiveRock
DowsingFm,type,LithostratigraphicUnit
MacbethFm,constitutedBy,Limestone
FellSandstoneFm,type,LithostratigraphicUnit
StatfjordFm,isMemberOf,BanksGp
Foraminifera,type,CalcareousFossil
TurbotAnhydriteFm,depositedIn,TransitionalDepositionalEnv
KyrreFm,constitutedBy,Mudstone
FulmarFm,isMemberOf,HumberGp
